id;date_created;date_updated;status
1;2019-12-05T02:52:01;2019-12-04T16:44:20;Fish multi-byte Savings Account
2;2019-12-05T01:09:21;2019-12-05T08:06:43;Practical Fresh Pants
3;2019-12-04T21:25:45;2019-12-05T08:25:37;deposit Tasty Metal Bacon Implementation
4;2019-12-05T11:50:13;2019-12-05T07:29:31;Soap methodology Albania
5;2019-12-05T01:29:21;2019-12-05T11:18:08;Namibia
6;2019-12-05T02:15:33;2019-12-05T08:30:28;zero administration
7;2019-12-05T03:03:47;2019-12-05T06:16:09;Licensed Savings Account
8;2019-12-05T02:40:36;2019-12-04T23:30:51;Mississippi Refined Rubber Chicken Table
9;2019-12-05T10:17:40;2019-12-05T11:32:15;Usability South Dakota envisioneer
10;2019-12-05T11:28:21;2019-12-05T09:30:42;Nakfa
